{
  "_configVersion": 1,
  "_configVersion_comment": "DO NOT MODIFY: This field is used by NeoEssentials for automatic config updates.",
  "afk": {
    "enabled": true,
    "timeout": 300,
    "kickTimeout": 0,
    "afkkickMessage": "Kicked for being AFK too long",
    "enableafkBroadcasts": true,
    "broadcastOnAfk": true,
    "broadcastOnReturn": true,
    "afkMessage": "{player} is now AFK",
    "returnMessage": "{player} is no longer AFK",
    "enableTablistIndicator": true,
    "tablistAfkPrefix": "[AFK] ",
    "tablistAfkSuffix": "",
    "ignoreAfkInSleep": true,
    "enableActivityTracking": true,
    "trackMovement": true,
    "trackChat": true,
    "trackCommands": true,
    "trackInteractions": true,
    "movementThreshold": 0.1,
    "rotationThreshold": 5.0,
    "excludedCommands": [
      "afk",
      "list",
      "who",
      "tps",
      "ping",
      "help",
      "?"
    ],
    "autoSave": true,
    "saveInterval": 60
  }
}