{
  "_configVersion": 1,
  "_configVersion_comment": "DO NOT MODIFY: This field is used by NeoEssentials for automatic config updates.",
  "commands": {
    "balance": true,
    "pay": true,
    "paytoggle": true,
    "eco": true,
    "baltop": true,
    "repair": true,
    "dispose": true,
    "powertool": true,
    "powertooltoggle": true,
    "clearinventory": true,
    "enchant": true,
    "enchanthand": true,
    "msg": true,
    "reply": true,
    "afk": true,
    "ignore": true,
    "unignore": true,
    "mute": true,
    "unmute": true,
    "msgtoggle": true,
    "socialspy": true,
    "mutelist": true,
    "permissions": true,
    "kit": true,
    "createkit": true,
    "delkit": true,
    "listkits": true,
    "home": true,
    "sethome": true,
    "delhome": true,
    "listhomes": true,
    "warp": true,
    "setwarp": true,
    "delwarp": true,
    "listwarps": true,
    "spawn": true,
    "setspawn": true,
    "tpa": true,
    "tpahere": true,
    "tpaccept": true,
    "tpdeny": true,
    "tpcancel": true,
    "tp": true,
    "tphere": true,
    "tpall": true,
    "tpo": true,
    "tppos": true,
    "back": true,
    "top": true,
    "jump": true,
    "jumpto": true,
    "tpr": true,
    "ban": true,
    "tempban": true,
    "unban": true,
    "banip": true,
    "unbanip": true,
    "kick": true,
    "kickall": true,
    "jail": true,
    "unjail": true,
    "setjail": true,
    "deljail": true,
    "vanish": true,
    "freeze": true,
    "unfreeze": true,
    "dashboard": true,
    "anvil": true,
    "book": true,
    "crafting": true,
    "compass": true,
    "getpos": true,
    "fletching": true,
    "depth": true,
    "helpop": true,
    "list": true,
    "near": true,
    "motd": true,
    "nick": true,
    "realname": true,
    "rules": true,
    "sign": true,
    "seen": true,
    "smithing": true,
    "stonecutting": true,
    "suicide": true,
    "whois": true,
    "invsee": true,
    "invseeedit": true,
    "enderchest": true,
    "enderchestedit": true
  }
}