{
  "_configVersion": 2,
  "_configVersion_comment": "DO NOT MODIFY: This field is used by NeoEssentials for automatic config updates. Changing this may cause config corruption.",
  "enabled": true,
  "startingBalance": 100.0,
  "currencySymbol": "$",
  "currencyName": "coins",
  "currencyNamePlural": "coins",
  "maxBalance": 999999999.99,
  "taxPercentage": 0.0,
  "allowNegativeBalances": false,
  "balanceFormat": "%.2f",
  "logTransactions": true,
  "transactionHistoryLimit": 50,
  "backupInterval": 300,
  "autoSaveInterval": 60,
  "maxTransferAmount": 10000.0,
  "paytoggleDefault": true,
  "cacheMaximumSize": 10000,
  "cacheExpireAfterAccessMinutes": 60,
  "cleanupInactiveAccounts": true,
  "inactiveAccountCleanupDays": 30
}