{
    "_configVersion": 1,
    "_configVersion_comment": "DO NOT MODIFY: This field is used by NeoEssentials for automatic config updates. Changing this may cause config corruption.",
    "kits": [
        {
            "name": "starter",
            "cooldown": 86400,
            "items": [
                {
                    "item": "minecraft:stone_sword",
                    "count": 1,
                    "nbt": "{}"
                },
                {
                    "item": "minecraft:bread",
                    "count": 16,
                    "nbt": "{}"
                }
            ],
            "commands": [
                "say Welcome to the server, {player}!"
            ]
        }
    ]
}