{
  "_configVersion": 1,
  "_configVersion_comment": "DO NOT MODIFY: This field is used by NeoEssentials for automatic config updates.",
  "modules": {
    "economyEnabled": true,
    "permissionsEnabled": true,
    "kitsEnabled": true,
    "teleportationEnabled": true,
    "moderationEnabled": true,
    "chatEnabled": true,
    "webDashboardEnabled": true
  },
  "logging": {
    "enableDebugLogging": false
  },
  "permissions": {
    "useExternalPermissions": true,
    "defaultGroup": "default",
    "opsBypassPermissions": true,
    "cachePermissions": true,
    "permissionCacheExpiryMinutes": 30
  }
}