{
  "_configVersion": 1,
  "_configVersion_comment": "DO NOT MODIFY: This field is used by NeoEssentials for automatic config updates.",
  "moderation": {
    "moderation_comment": "Moderation system configuration - controls ban, jail, vanish, freeze and kick functionality",
    "banSettings": {
      "banSettings_comment": "Ban system configuration",
      "enablePermanentBans": true,
      "enableTempBans": true,
      "enableIPBans": true,
      "maxBanReason": 500,
      "defaultBanReason": "Banned by an operator",
      "autoExpireTempBans": true,
      "checkExpiredBansInterval": 300,
      "checkExpiredBansInterval_comment": "Interval in seconds to check for expired temporary bans (300 \u003d 5 minutes, 0 disables, min 5, default 300)",
      "logBanActions": true,
      "logBanActions_comment": "Log all ban/unban actions to server logs",
      "broadcastBans": false,
      "broadcastBans_comment": "Broadcast ban actions to all online staff members",
      "banMessageFormat": "You have been banned from this server.\nReason: {reason}\nBanned by: {bannedBy}\n{duration}",
      "tempBanMessageFormat": "You have been temporarily banned from this server.\nReason: {reason}\nBanned by: {bannedBy}\nExpires: {expiry}",
      "ipBanMessageFormat": "Your IP address has been banned from this server.\nReason: {reason}\nBanned by: {bannedBy}"
    },
    "jailSettings": {
      "jailSettings_comment": "Jail system configuration",
      "enableJailSystem": true,
      "requireJailLocation": true,
      "requireJailLocation_comment": "Require jail location to be set before jailing players",
      "jailTeleportOnLogin": true,
      "jailTeleportOnLogin_comment": "Teleport jailed players to jail when they log in",
      "maxJailReason": 500,
      "defaultJailReason": "Jailed by an operator",
      "jailMessageFormat": "You have been jailed.\nReason: {reason}\nJailed by: {jailedBy}\nJail: {jail}",
      "preventJailEscape": true,
      "preventJailEscape_comment": "Prevent jailed players from using teleportation commands",
      "logJailActions": true,
      "logJailActions_comment": "Log all jail/unjail actions to server logs"
    },
    "vanishSettings": {
      "vanishSettings_comment": "Vanish system configuration",
      "enableVanishSystem": true,
      "vanishOnJoin": false,
      "vanishOnJoin_comment": "Automatically vanish staff members when they join",
      "hideFromTabList": true,
      "hideFromTabList_comment": "Hide vanished players from the tab list",
      "preventInteraction": true,
      "preventInteraction_comment": "Prevent vanished players from interacting with non-staff",
      "broadcastToStaffVanish": false,
      "broadcastToStaffVanish_comment": "Broadcast vanish actions to all online staff members",
      "BroadcastToAllVanish": false,
      "BroadcastToAllVanish_comment": "Broadcast vanish actions to all online players with a join message or quit message",
      "logVanishActions": true,
      "logVanishActions_comment": "Log vanish toggle actions to server logs"
    },
    "freezeSettings": {
      "freezeSettings_comment": "Freeze system configuration",
      "enableFreezeSystem": true,
      "preventCommands": true,
      "preventCommands_comment": "Prevent frozen players from using commands (except unfreeze-related)",
      "allowedCommands": [
        "help",
        "rules",
        "appeal"
      ],
      "allowedCommands_comment": "Commands that frozen players can still use",
      "freezeOnLogin": true,
      "freezeOnLogin_comment": "Keep players frozen when they log back in",
      "maxFreezeReason": 500,
      "defaultFreezeReason": "Frozen by an operator",
      "freezeMessage": "You have been frozen by {freezer}.\nReason: {reason}\nYou cannot move or interact until unfrozen.",
      "unfreezeMessage": "You have been unfrozen by {unfreezer}",
      "freezeReminder": "You are currently frozen. Contact staff if you need assistance.",
      "freezeReminderInterval": 30,
      "freezeReminderInterval_comment": "Interval in seconds to remind frozen players (0 to disable)",
      "logFreezeActions": true,
      "logFreezeActions_comment": "Log all freeze/unfreeze actions to server logs"
    },
    "kickSettings": {
      "kickSettings_comment": "Kick system configuration",
      "enableKickSystem": true,
      "maxKickReason": 500,
      "defaultKickReason": "Kicked by an operator",
      "broadcastKicks": false,
      "broadcastKicks_comment": "Broadcast kick actions to all online staff members",
      "kickMessage": "You have been kicked from the server.\nReason: {reason}\nKicked by: {kicker}",
      "kickAllMessage": "Server maintenance in progress. Please reconnect in a few minutes.",
      "notifyStaffOnKick": true,
      "notifyStaffOnKick_comment": "Notify online staff members when a player is kicked",
      "logKickActions": true,
      "logKickActions_comment": "Log all kick actions to server logs"
    },
    "generalSettings": {
      "generalSettings_comment": "General moderation settings",
      "requireReasonForActions": false,
      "requireReasonForActions_comment": "Require staff to provide a reason for moderation actions",
      "maxActionReason": 500,
      "maxActionReason_comment": "Maximum length for moderation action reasons",
      "enableModerationHistory": true,
      "enableModerationHistory_comment": "Keep history of moderation actions per player",
      "historyLimit": 100,
      "historyLimit_comment": "Maximum number of moderation actions to keep per player",
      "enableStaffNotifications": true,
      "enableStaffNotifications_comment": "Send notifications to staff about moderation actions",
      "staffNotificationPermission": "neoessentials.moderation.notify",
      "staffNotificationPermission_comment": "Permission required to receive staff notifications",
      "moderationLogFile": "moderation.log",
      "moderationLogFile_comment": "Log file name for moderation actions (in server logs directory)"
    }
  }
}