{
  "_configVersion": 5,
  "_configVersion_comment": "DO NOT MODIFY: This field is used by NeoEssentials for automatic config updates. Changing this may cause config corruption.",
  "defaultGroup": "default",
  "groups": [
    {
      "name": "default",
      "prefix": "&7",
      "suffix": "",
      "permissions": [
        "neoessentials.economy.balance",
        "neoessentials.economy.pay",
        "neoessentials.economy.pay.toggle",
        "neoessentials.economy.baltop",
        "neoessentials.item.repair",
        "neoessentials.item.dispose",
        "neoessentials.item.powertool",
        "neoessentials.chat.msg",
        "neoessentials.chat.reply",
        "neoessentials.chat.ignore",
        "neoessentials.chat.unignore",
        "neoessentials.chat.msgtoggle",
        "neoessentials.afk",
        "neoessentials.kits.use",
        "neoessentials.kits.list",
        "neoessentials.teleport.home",
        "neoessentials.teleport.home.set",
        "neoessentials.teleport.home.delete",
        "neoessentials.teleport.home.list",
        "neoessentials.teleport.spawn",
        "neoessentials.teleport.warp",
        "neoessentials.teleport.warp.list",
        "neoessentials.teleport.request.tpa",
        "neoessentials.teleport.request.tpahere",
        "neoessentials.teleport.request.accept",
        "neoessentials.teleport.request.deny",
        "neoessentials.teleport.request.cancel",
        "neoessentials.teleport.back",
        "neoessentials.teleport.top",
        "neoessentials.info"
      ],
      "inherits": []
    },
    {
      "name": "moderator",
      "prefix": "&2[Mod] ",
      "suffix": "",
      "permissions": [
        "neoessentials.economy.balance.others",
        "neoessentials.economy.admin",
        "neoessentials.item.*",
        "neoessentials.chat.mute",
        "neoessentials.chat.unmute",
        "neoessentials.chat.mutelist",
        "neoessentials.chat.socialspy",
        "neoessentials.afk.exempt",
        "neoessentials.permissions.reload",
        "neoessentials.permissions.list",
        "neoessentials.kits.admin.create",
        "neoessentials.kits.admin.delete",
        "neoessentials.kits.admin.list",
        "neoessentials.teleport.admin.tp",
        "neoessentials.teleport.admin.tphere",
        "neoessentials.teleport.admin.tppos",
        "neoessentials.teleport.home.others",
        "neoessentials.teleport.warp.create",
        "neoessentials.teleport.warp.delete",
        "neoessentials.teleport.spawn.set",
        "neoessentials.teleport.jump",
        "neoessentials.teleport.jumpto",
        "neoessentials.teleport.tpr"
      ],
      "inherits": ["default"]
    },
    {
      "name": "admin",
      "prefix": "&c[Admin] ",
      "suffix": "",
      "permissions": [
        "neoessentials.*"
      ],
      "inherits": ["moderator"]
    }
  ]
}