{
  "_configVersion": 1,
  "_configVersion_comment": "DO NOT MODIFY: This field is used by NeoEssentials for automatic config updates.",
  "teleportation": {
    "teleportation_comment": "Teleportation system configuration - controls home, warp, spawn, and teleport request functionality",
    "homeSettings": {
      "homeSettings_comment": "Home system configuration",
      "maxHomes": 5,
      "maxHomes_comment": "Maximum number of homes a player can set. -1 for unlimited.",
      "allowCrossDimensionHomes": true,
      "allowCrossDimensionHomes_comment": "Allow players to set homes in different dimensions (Nether, End, etc.)",
      "homeSetCooldown": 30,
      "homeSetCooldown_comment": "Cooldown in seconds between setting homes. 0 to disable.",
      "homeTeleportCooldown": 5,
      "homeTeleportCooldown_comment": "Cooldown in seconds between home teleports. 0 to disable.",
      "homeDeleteCooldown": 10,
      "homeDeleteCooldown_comment": "Cooldown in seconds between deleting homes. 0 to disable.",
      "requireConfirmationForDelete": true,
      "requireConfirmationForDelete_comment": "Require players to confirm home deletion to prevent accidents.",
      "enableHomeTeleportSafety": true,
      "enableHomeTeleportSafety_comment": "Check if home location is safe before teleporting (no lava, void, etc.)",
      "logHomeActions": true,
      "logHomeActions_comment": "Log home set/delete/teleport actions to server logs."
    },
    "warpSettings": {
      "warpSettings_comment": "Warp system configuration",
      "allowPlayerWarps": true,
      "allowPlayerWarps_comment": "Allow players to create their own warps (requires permission).",
      "maxPlayerWarps": 3,
      "maxPlayerWarps_comment": "Maximum number of warps a player can create. -1 for unlimited.",
      "warpCooldown": 10,
      "warpCooldown_comment": "Cooldown in seconds between warp teleports. 0 to disable.",
      "warpSetCooldown": 60,
      "warpSetCooldown_comment": "Cooldown in seconds between setting warps. 0 to disable.",
      "allowCrossDimensionWarps": true,
      "allowCrossDimensionWarps_comment": "Allow warps to be set and used across dimensions.",
      "enableWarpSafety": true,
      "enableWarpSafety_comment": "When true, warps must be safe. When false, allows warps at any location including unsafe ones.",
      "logWarpActions": true,
      "logWarpActions_comment": "Log warp creation/deletion/usage to server logs."
    },
    "spawnSettings": {
      "spawnSettings_comment": "Spawn system configuration",
      "spawnOnJoin": true,
      "spawnOnJoin_comment": "Teleport players to spawn when they join for the first time.",
      "spawnOnDeath": false,
      "spawnOnDeath_comment": "Teleport players to spawn when they die (overrides bed spawn).",
      "spawnCooldown": 5,
      "spawnCooldown_comment": "Cooldown in seconds between spawn teleports. 0 to disable.",
      "allowSpawnSet": true,
      "allowSpawnSet_comment": "Allow admins to set the spawn location with /setspawn.",
      "enableSpawnSafety": true,
      "enableSpawnSafety_comment": "When true, spawn must be safe. When false, allows spawn at any location including unsafe ones.",
      "logSpawnActions": true,
      "logSpawnActions_comment": "Log spawn teleports and spawn point changes to server logs."
    },
    "teleportRequestSettings": {
      "teleportRequestSettings_comment": "Teleport request system configuration (tpa, tpask, tphere, etc.)",
      "requestTimeout": 60,
      "requestTimeout_comment": "Time in seconds before teleport requests expire automatically.",
      "maxPendingRequests": 5,
      "maxPendingRequests_comment": "Maximum number of pending requests a player can have at once.",
      "cooldownBetweenRequests": 10,
      "cooldownBetweenRequests_comment": "Cooldown in seconds between sending teleport requests.",
      "allowMultipleRequests": false,
      "allowMultipleRequests_comment": "Allow players to have multiple requests to the same player.",
      "enableRequestNotifications": true,
      "enableRequestNotifications_comment": "Send notifications for incoming teleport requests.",
      "autoAcceptFromFriends": false,
      "autoAcceptFromFriends_comment": "Automatically accept teleport requests from friends (requires friends system).",
      "enableTeleportSafety": true,
      "enableTeleportSafety_comment": "When true, blocks teleportation to unsafe destinations. When false, allows teleportation to any location including unsafe ones.",
      "logTeleportRequests": true,
      "logTeleportRequests_comment": "Log teleport request actions to server logs."
    },
    "generalSettings": {
      "generalSettings_comment": "General teleportation settings",
      "teleportDelay": 3,
      "teleportDelay_comment": "Delay in seconds before teleportation completes. 0 for instant teleportation.",
      "cancelOnMovement": true,
      "cancelOnMovement_comment": "Cancel teleportation if player moves during delay.",
      "cancelOnDamage": false,
      "cancelOnDamage_comment": "Cancel teleportation if player takes damage during delay.",
      "enableTeleportWarmup": true,
      "enableTeleportWarmup_comment": "Show countdown message during teleport delay.",
      "allowTeleportInCombat": false,
      "allowTeleportInCombat_comment": "Allow teleportation while in combat (requires combat system).",
      "maxTeleportDistance": -1,
      "maxTeleportDistance_comment": "Maximum distance for teleportation in blocks. -1 for unlimited.",
      "enableParticleEffects": true,
      "enableParticleEffects_comment": "Show particle effects at teleportation source and destination.",
      "enableSoundEffects": true,
      "enableSoundEffects_comment": "Play sound effects during teleportation.",
      "protectedAreas": [],
      "protectedAreas_comment": "List of world regions where teleportation is restricted (requires region protection plugin)."
    },
    "commandCosts": {
      "commandCosts_comment": "Defines the cost to use teleportation commands PER USE. Some commands have sub-costs.",
      "home": 0,
      "sethome": 0,
      "delhome": 0,
      "listhomes": 0,
      "warp": 0,
      "setwarp": 0,
      "delwarp": 0,
      "listwarps": 0,
      "spawn": 0,
      "setspawn": 0,
      "tpa": 0,
      "tphere": 0,
      "tpaccept": 0,
      "tpdeny": 0,
      "tp": 0,
      "tpall": 0
    }
  }
}