[
  {"version":1},
  {"ingredient":{"id":"minecraft:stripped_oak_wood"},"type":"item_stack","bookmarkType":"INGREDIENT"},
  {"ingredient":{"id":"minecraft:spruce_fence_gate"},"type":"item_stack","bookmarkType":"INGREDIENT"},
  {"ingredient":{"id":"minecraft:spruce_fence"},"type":"item_stack","bookmarkType":"INGREDIENT"},
  {"ingredient":{"id":"minecraft:mangrove_stairs"},"type":"item_stack","bookmarkType":"INGREDIENT"},
  {"ingredient":{"id":"minecraft:dark_oak_door"},"type":"item_stack","bookmarkType":"INGREDIENT"}
]