{
  "_configVersion": 1,
  "_configVersion_comment": "DO NOT MODIFY: This field is used by NeoEssentials for automatic config updates.",
  "chat": {
    "chat-format": {
      "default": "\u003c{neoessentials_prefix} {neoessentials_username} {neoessentials_suffix}\u003e {MESSAGE}",
      "group:admin": "\u0026c[Admin] {neoessentials_username}: {MESSAGE}",
      "group:mod": "\u00262[Mod] {neoessentials_username}: {MESSAGE}",
      "world:creative": "\u0026b[C] {neoessentials_username}: {MESSAGE}"
    },
    "chat-format-description": "Chat format template. You can use a string (for global format) or an object for per-group/world formats. Keys: \u0027default\u0027, \u0027group:GROUPNAME\u0027, \u0027world:WORLDNAME\u0027, or \u0027group:GROUP:world:WORLD\u0027. Placeholders: {neoessentials_displayname}, {neoessentials_username}, {MESSAGE}, {neoessentials_prefix}, {neoessentials_suffix}, {neoessentials_world}, {neoessentials_x}, {neoessentials_y}, {neoessentials_z}, {neoessentials_health}, {neoessentials_level}, and more via PlaceholderAPI. Legacy uppercase placeholders like {USERNAME}, {PREFIX}, {SUFFIX} are automatically converted for backwards compatibility. Use \u0027\u0026\u0027 for color codes (e.g., \u0026c for red, \u00266 for gold).",
    "enableChatEnhancements": true,
    "enableChatEnhancements_comment": "Enable Phase 2 chat enhancements (clickable names, mentions, URLs, item links). Set to false to use basic chat formatting only.",
    "clickablePlayerNames": true,
    "clickablePlayerNames_comment": "Make player names in chat clickable. Click to message, hover for stats.",
    "autoLinkUrls": true,
    "autoLinkUrls_comment": "Automatically detect and make URLs clickable in chat messages.",
    "allowItemLinks": true,
    "allowItemLinks_comment": "Allow players to show their held item in chat using [item] placeholder.",
    "mentions": {
      "enabled": true,
      "enabled_comment": "Enable @mention system. Players can mention others with @PlayerName.",
      "highlightColor": "\u0026e",
      "highlightColor_comment": "Color code for highlighted mentions (e.g., \u0026e for yellow, \u00266 for gold).",
      "playSound": true,
      "playSound_comment": "Play sound notification when a player is mentioned.",
      "soundName": "entity.experience_orb.pickup",
      "soundName_comment": "Sound to play for mentions. Options: entity.experience_orb.pickup, block.note_block.pling, etc.",
      "soundVolume": 1.0,
      "soundVolume_comment": "Volume of mention sound (0.0 to 1.0).",
      "requirePermission": false,
      "requirePermission_comment": "If true, players need \u0027neoessentials.chat.mention\u0027 permission to mention others.",
      "permission": "neoessentials.chat.mention"
    },
    "badges": {
      "enabled": true,
      "enabled_comment": "Enable badge/icon system. Shows rank badges and status icons in chat.",
      "badgePosition": "before_prefix",
      "badgePosition_comment": "Where to show badges: \u0027before_prefix\u0027, \u0027after_prefix\u0027, \u0027before_name\u0027, \u0027after_name\u0027.",
      "useCustomImages": false,
      "useCustomImages_comment": "If true, uses custom badge images from config/neoessentials/badges/ folder. Place PNG files named after ranks (e.g., admin.png, vip.png).",
      "customImageSize": 16,
      "customImageSize_comment": "Size of custom badge images in pixels (16, 24, or 32). Images will be scaled to this size.",
      "customImagePath": "config/neoessentials/badges",
      "customImagePath_comment": "Path to custom badge images folder relative to server root. Place PNG files here named after ranks.",
      "autoSendResourcePack": false,
      "autoSendResourcePack_comment": "If true, automatically generates and sends resource pack to players when they join. Requires useCustomImages to be enabled.",
      "requireResourcePack": false,
      "requireResourcePack_comment": "If true, players MUST accept the resource pack to join the server. If false, it\u0027s optional.",
      "resourcePackUrl": "",
      "resourcePackUrl_comment": "Public URL where the resource pack is hosted (e.g., https://yoursite.com/NeoEssentials-Badges.zip). Leave empty to disable auto-send. The mod will generate the pack in config/neoessentials/ - upload it to a web server.",
      "resourcePackPrompt": "This server uses custom badge images. Please accept the resource pack for the best experience!",
      "resourcePackPrompt_comment": "Message shown to players when sending the resource pack.",
      "rankBadges": {
        "owner": "👑",
        "admin": "⭐",
        "moderator": "🛡️",
        "helper": "🔧",
        "vip": "💎",
        "vipplus": "💎💎",
        "mvp": "🌟",
        "builder": "🔨",
        "developer": "💻"
      },
      "rankBadges_comment": "Badge emojis for each rank. If useCustomImages is true, the mod looks for \u003crankname\u003e.png files in the badges folder.",
      "statusIcons": {
        "enabled": true,
        "enabled_comment": "Show status icons (AFK, vanished, etc.) in chat.",
        "iconPosition": "after_name",
        "iconPosition_comment": "Where to show status icons: \u0027before_name\u0027, \u0027after_name\u0027, \u0027after_message\u0027.",
        "afk": "💤",
        "vanished": "👻",
        "streaming": "📺",
        "muted": "🔇"
      }
    },
    "antiSpam": {
      "enabled": true,
      "enabled_comment": "Enable anti-spam filter system.",
      "capsFilter": {
        "enabled": true,
        "enabled_comment": "Filter messages with excessive caps (SHOUTING).",
        "maxPercentage": 70,
        "maxPercentage_comment": "Maximum percentage of caps allowed (1-100). Messages above this are filtered.",
        "action": "lowercase",
        "action_comment": "Action to take: \u0027lowercase\u0027 (convert to lowercase), \u0027block\u0027 (block message), \u0027warn\u0027 (warn player).",
        "bypassPermission": "neoessentials.chat.caps.bypass",
        "minimumLength": 5,
        "minimumLength_comment": "Minimum message length to check caps (avoid filtering short messages like \u0027OK\u0027)."
      },
      "repeatFilter": {
        "enabled": true,
        "enabled_comment": "Prevent players from repeating identical messages.",
        "cooldownSeconds": 5,
        "cooldownSeconds_comment": "Seconds before same message can be sent again.",
        "action": "block",
        "action_comment": "Action to take: \u0027block\u0027 (block message), \u0027warn\u0027 (warn player).",
        "bypassPermission": "neoessentials.chat.repeat.bypass"
      },
      "linkFilter": {
        "enabled": false,
        "enabled_comment": "Filter URLs in chat messages.",
        "action": "allow",
        "action_comment": "Action: \u0027allow\u0027 (allow all), \u0027block\u0027 (block all), \u0027whitelist\u0027 (only allow whitelisted).",
        "whitelist": [
          "minecraft.net",
          "neoforged.net",
          "github.com"
        ],
        "whitelist_comment": "Domains allowed when action is \u0027whitelist\u0027.",
        "bypassPermission": "neoessentials.chat.links.bypass"
      },
      "spamFilter": {
        "enabled": true,
        "enabled_comment": "Rate limit chat messages to prevent spam.",
        "messagesPerPeriod": 5,
        "messagesPerPeriod_comment": "Maximum messages allowed per period.",
        "periodSeconds": 10,
        "periodSeconds_comment": "Period in seconds to count messages.",
        "action": "block",
        "action_comment": "Action: \u0027block\u0027 (block excess messages), \u0027warn\u0027 (warn player).",
        "bypassPermission": "neoessentials.chat.spam.bypass"
      }
    },
    "formatTemplates": {
      "enabled": false,
      "enabled_comment": "Enable pre-built format templates. When enabled, uses \u0027activeTemplate\u0027 instead of \u0027chat-format\u0027.",
      "activeTemplate": "default",
      "activeTemplate_comment": "Active template to use: \u0027default\u0027, \u0027rpg\u0027, \u0027modern\u0027, \u0027minimal\u0027, \u0027detailed\u0027, \u0027ranked\u0027, or \u0027custom\u0027.",
      "templates": {
        "default": "\u003c{neoessentials_prefix} {neoessentials_username} {neoessentials_suffix}\u003e {MESSAGE}",
        "rpg": "\u00267[Lv.{neoessentials_level}] {neoessentials_prefix}{neoessentials_name}\u0026r: {MESSAGE}",
        "modern": "● {neoessentials_prefix}{neoessentials_name} \u00268› \u0026r{MESSAGE}",
        "minimal": "{neoessentials_name}: {MESSAGE}",
        "detailed": "\u00267[{neoessentials_world}] \u0026r\u003c{neoessentials_prefix}{neoessentials_name}{neoessentials_suffix}\u0026r\u003e {MESSAGE}",
        "ranked": "\u00267[{neoessentials_group}] {neoessentials_prefix}{neoessentials_name}\u0026r: {MESSAGE}",
        "custom": "\u003c{neoessentials_prefix} {neoessentials_username} {neoessentials_suffix}\u003e {MESSAGE}"
      }
    },
    "richText": {
      "enabled": false,
      "enabled_comment": "Enable Phase 4 rich text effects (gradients, rainbow). Note: These effects require permissions and can be performance-intensive.",
      "allowGradients": true,
      "allowGradients_comment": "Allow gradient text using \u003cgradient:START-END\u003etext\u003c/gradient\u003e syntax. Example: \u003cgradient:FF0000-0000FF\u003eHello\u003c/gradient\u003e",
      "allowRainbow": true,
      "allowRainbow_comment": "Allow rainbow text using \u003crainbow\u003etext\u003c/rainbow\u003e syntax.",
      "requirePermission": false,
      "requirePermission_comment": "If true, players need \u0027neoessentials.chat.richtext\u0027 permission to use rich text effects.",
      "gradientPermission": "neoessentials.chat.gradient",
      "rainbowPermission": "neoessentials.chat.rainbow"
    },
    "conditionalFormatting": {
      "enabled": false,
      "enabled_comment": "Enable Phase 4 conditional formatting. Allows dynamic chat formats based on time, stats, and player state.",
      "allowTimeConditionals": true,
      "allowTimeConditionals_comment": "Allow time-based conditions: \u003cif:time\u003dmorning\u003eGood morning!\u003c/if\u003e. Supported: morning, afternoon, evening, night, day, weekday, weekend.",
      "allowStatConditionals": true,
      "allowStatConditionals_comment": "Allow stat-based conditions: \u003cif:health\u003c50\u003eLow health!\u003c/if\u003e. Supported: health, level, food, armor, xp with operators \u003c, \u003e, \u003c\u003d, \u003e\u003d, \u003d, !\u003d",
      "allowStateConditionals": true,
      "allowStateConditionals_comment": "Allow state-based conditions: \u003cif:afk\u003eAFK\u003c/if\u003e. Supported: afk, vanished, flying, creative, survival, spectator, op, sneaking, sprinting, swimming, onfire, wet, underground, nether, end, overworld."
    },
    "channels": {
      "enabled": true,
      "enabled-description": "Master switch for chat channels system. When false, all channels are disabled and players use default global chat. When true, channels work according to their individual settings below.",
      "local": {
        "enabled": true,
        "radius": 100,
        "command": "l",
        "aliases": [
          "local",
          "lc"
        ],
        "prefix": "",
        "default": true
      },
      "global": {
        "enabled": true,
        "command": "g",
        "aliases": [
          "global",
          "gc"
        ],
        "prefix": "!",
        "default": false
      },
      "staff": {
        "enabled": true,
        "command": "staff",
        "aliases": [
          "mod",
          "admin",
          "s"
        ],
        "prefix": "@",
        "permission": "neoessentials.chat.staff",
        "default": false
      }
    },
    "channels-description": "Chat channels system: Set \u0027enabled\u0027 to false to disable all channels and use standard global chat. When enabled, players can use local (proximity-based), global (all players), and staff (permission-based) channels. Each channel has its own enabled flag, command, prefix, and settings. For proximity-only servers: set channels.enabled\u003dtrue, local.enabled\u003dtrue, global.enabled\u003dfalse. For global-only servers: set channels.enabled\u003dfalse OR set local.enabled\u003dfalse, global.enabled\u003dtrue.",
    "enable-chat-formatting": true,
    "enable-color-codes": true,
    "muteCommands": [],
    "playerChatPermissions": [],
    "sleepIgnoresAfkPlayers": true,
    "sleepIgnoresVanishedPlayers": true,
    "afkListName": "none",
    "broadcastAfkMessage": true,
    "deathMessages": true,
    "vanishingItemsPolicy": "keep",
    "bindingItemsPolicy": "keep",
    "sendInfoAfterDeath": true,
    "allowSilentJoinQuit": false,
    "customJoinMessage_comment": "Custom join message template. Use \u0027none\u0027 for default. Available placeholders: {neoessentials_displayname}, {neoessentials_username}, {neoessentials_prefix}, {neoessentials_suffix}, {neoessentials_world}, and more via PlaceholderAPI. Legacy uppercase like {USERNAME}, {PREFIX} also work. Use \u0027\u0026\u0027 for colors. Example: \u0027\u0026a{neoessentials_prefix}\u0026f{neoessentials_displayname} \u0026ejoined the server!\u0027",
    "customJoinMessage": "none",
    "customQuitMessage_comment": "Custom quit message template. Use \u0027none\u0027 for default. Available placeholders: {neoessentials_displayname}, {neoessentials_username}, {neoessentials_prefix}, {neoessentials_suffix}, {neoessentials_world}, and more via PlaceholderAPI. Legacy uppercase like {USERNAME}, {PREFIX} also work. Use \u0027\u0026\u0027 for colors. Example: \u0027\u0026c{neoessentials_prefix}\u0026f{neoessentials_displayname} \u0026eleft the server!\u0027",
    "customQuitMessage": "none",
    "customNewUsernameMessage_comment": "Custom message for player name changes. Use \u0027none\u0027 for default. Available placeholders: {neoessentials_displayname}, {neoessentials_username}, {neoessentials_prefix}, {neoessentials_suffix}, and more via PlaceholderAPI. Legacy uppercase like {USERNAME}, {PREFIX} also work. Use \u0027\u0026\u0027 for colors. Example: \u0027\u00266{neoessentials_prefix}\u0026f{neoessentials_displayname} \u0026echanged their name!\u0027",
    "customNewUsernameMessage": "none",
    "useCustomServerFullMessage": false,
    "hideJoinQuitMessagesAbove": -1
  }
}