{
  "_configVersion": 1,
  "_configVersion_comment": "DO NOT MODIFY: This field is used by NeoEssentials for automatic config updates.",
  "items": {
    "items_comment": "Item system configuration - controls item spawning, enchantments, and stack sizes",
    "permission-based-item-spawn": false,
    "permission-based-item-spawn_comment": "Require permission to spawn items. Permissions: \u0027neoessentials.item.spawn\u0027 (general), \u0027neoessentials.item.spawn.\u003cnamespace\u003e.\u003citem\u003e\u0027 (specific), \u0027neoessentials.item.spawn.\u003cnamespace\u003e.*\u0027 (wildcard)",
    "oversized-stacksize": 64,
    "oversized-stacksize_comment": "Maximum stack size for oversized stacks. Items can stack up to this limit when default-stack-size allows",
    "default-stack-size": -1,
    "default-stack-size_comment": "Default stack size for all items. -1 \u003d use vanilla behavior, otherwise overrides vanilla stack sizes (capped at oversized-stacksize)",
    "unsafe-enchantments": true,
    "unsafe-enchantments_comment": "Allow enchantments beyond vanilla limits (e.g., Sharpness X)",
    "max-unsafe-enchantment-level": 32767,
    "max-unsafe-enchantment-level_comment": "Maximum level allowed for unsafe enchantments when enabled",
    "item-spawn-blacklist": [
      "minecraft:bedrock",
      "minecraft:barrier",
      "minecraft:command_block",
      "minecraft:chain_command_block",
      "minecraft:repeating_command_block",
      "minecraft:structure_block",
      "minecraft:jigsaw",
      "minecraft:debug_stick",
      "minecraft:knowledge_book"
    ],
    "item-spawn-blacklist_comment": "List of items that cannot be spawned via commands, even with permissions"
  }
}