{"stats":{"minecraft:used":{"minecraft:spruce_leaves":1,"minecraft:shulker_box":1},"minecraft:picked_up":{"minecraft:shulker_box":1},"minecraft:custom":{"minecraft:jump":26,"minecraft:time_since_rest":24299,"minecraft:leave_game":3,"minecraft:sprint_one_cm":1275,"minecraft:play_time":24299,"minecraft:open_shulker_box":2,"minecraft:damage_taken":30,"minecraft:time_since_death":24299,"minecraft:walk_one_cm":6129,"minecraft:sneak_time":5,"minecraft:total_world_time":35950,"minecraft:fall_one_cm":569,"minecraft:fly_one_cm":14078},"minecraft:mined":{"minecraft:spruce_leaves":2}},"DataVersion":3955}