{"stats":{"minecraft:killed":{"minecraft:sheep":4,"minecraft:cat":2,"minecraft:pig":1,"minecraft:cow":1},"minecraft:picked_up":{"minecraft:white_wool":1},"minecraft:custom":{"minecraft:time_since_rest":8423,"minecraft:crouch_one_cm":3,"minecraft:play_time":8423,"minecraft:sprint_one_cm":5565,"minecraft:walk_one_cm":33477,"minecraft:sneak_time":2,"minecraft:mob_kills":8,"minecraft:jump":39,"minecraft:damage_dealt":50,"minecraft:leave_game":2,"minecraft:time_since_death":8423,"minecraft:total_world_time":11762,"minecraft:fly_one_cm":12424},"minecraft:used":{"create:wand_of_symmetry":7,"minecraft:wandering_trader_spawn_egg":1,"minecraft:bee_spawn_egg":8,"minecraft:ocelot_spawn_egg":1,"minecraft:mooshroom_spawn_egg":1,"minecraft:mossy_cobblestone":1,"create:copper_backtank":1,"minecraft:bogged_spawn_egg":1,"minecraft:phantom_spawn_egg":2,"minecraft:map":1,"minecraft:iron_golem_spawn_egg":4,"minecraft:mule_spawn_egg":1,"minecraft:axolotl_spawn_egg":1,"minecraft:camel_spawn_egg":1,"minecraft:parrot_spawn_egg":1,"minecraft:bat_spawn_egg":1,"minecraft:horse_spawn_egg":1}},"DataVersion":3955}